skill,total_freq,n_months,slope,p_value,r_squared,q_value,trend_label
-on,11,2,0.0,1.0,0.0,1.0,Stable
design,16,4,1.4,0.6624300244807115,0.11395348837209301,1.0,Stable
designing,11,4,0.7,0.7418011102528388,0.06666666666666668,1.0,Stable
develop,13,4,0.8857142857142857,0.42484006564603394,0.33080895008605854,1.0,Stable
hands,11,2,0.0,1.0,0.0,1.0,Stable
self,11,3,3.0,0.12103771832367702,0.9642857142857141,0.726226309942062,Stable
